Track ID,Vehicle Class,Direction
1,car,Wrong,0.9094736
4,car,Wrong,0.65934265
12,car,Wrong,0.7779781
10,car,Wrong,0.5844074
41,car,Wrong,0.37884578
24,car,Wrong,0.9138173
23,car,Wrong,0.54795074
48,car,Wrong,0.8540993
60,car,Wrong,0.86219984
63,car,Wrong,0.8062161
74,car,Wrong,0.8553855
80,car,Wrong,0.7952554
83,car,Wrong,0.7686209
98,motorcycle,Wrong,0.53968036
85,car,Wrong,0.8673877
87,car,Wrong,0.86718065
93,car,Wrong,0.8752202
103,car,Wrong,0.87637013
114,car,Wrong,0.73834455
