Track ID,Vehicle Class,Direction
1,car,Wrong,0.9230962
4,car,Wrong,0.48825002
12,car,Wrong,0.71962607
10,truck,Wrong,0.48001665
41,car,Wrong,0.37884578
24,car,Wrong,0.91180193
23,truck,Wrong,0.6362668
48,car,Wrong,0.85520005
60,car,Wrong,0.8906558
63,car,Wrong,0.83519346
74,car,Wrong,0.8698987
80,car,Wrong,0.82219666
83,car,Wrong,0.813467
98,motorcycle,Wrong,0.53968036
85,car,Wrong,0.8643438
87,car,Wrong,0.85964495
93,car,Wrong,0.88093376
103,car,Wrong,0.8898643
114,car,Wrong,0.71023196
